accuracy,loss,val_accuracy,val_loss
0.8009576201438904,0.7447038292884827,0.8833333253860474,0.4595203995704651
0.8500000238418579,0.4125075340270996,0.8857142925262451,0.45325011014938354
0.9216826558113098,0.365604430437088,0.9523809552192688,0.29423442482948303
0.949999988079071,0.24291539192199707,0.9404761791229248,0.3094964027404785
0.9599863290786743,0.25957322120666504,0.9595237970352173,0.2744877338409424
0.949999988079071,0.2612243592739105,0.9690476059913635,0.23680153489112854
0.9764021635055542,0.20688512921333313,0.9833333492279053,0.18492864072322845
