accuracy,loss,val_accuracy,val_loss
0.9870041012763977,0.03290748968720436,1.0,0.0016609771410003304
1.0,0.00019781824084930122,1.0,0.0017220624722540379
0.99863201379776,0.0046745226718485355,1.0,0.007430553436279297
1.0,0.0017772564897313714,1.0,0.006672061048448086
0.99863201379776,0.005844959523528814,0.9952380657196045,0.009584646672010422
1.0,0.00046420813305303454,0.9952380657196045,0.013169050216674805
