accuracy,loss,val_accuracy,val_loss
0.970108687877655,0.523190438747406,0.7095237970352173,1.3600332736968994
0.99558424949646,0.42008253931999207,0.7333333492279053,1.3495540618896484
0.9962635636329651,0.3743196427822113,0.776190459728241,1.146479606628418
0.9989809989929199,0.328655481338501,0.949999988079071,0.4808570444583893
0.99830162525177,0.29612183570861816,0.9452381134033203,0.5422959923744202
0.9989809989929199,0.2621471583843231,0.9928571581840515,0.2556692063808441
1.0,0.2313968390226364,0.9976190328598022,0.22645045816898346
